"EPETITION_PLUGIN";"Petition Plugin"
"Name";"Name"
"Email";"Email"
"Phone";"Phone"
"Facebook";"Facebook"
"Twitter";"Twitter"
"Linkedin";"Linkedin"
"Website";"Website"
"Save Contact Information";"Save Contact Information"
"PETITION";"PETITION"
"Petition";"Petition"
"Save Changes";"Save Changes"
"User Name";"User Name"
"Enter User Name";"Enter User Name"
"Submit";"Submit"
"cancel";"cancel"
"Goal";"Goal"
"Save";"Save"
"Total Petition: %s";"Total Petition: %s"
"Petition Signature Goal";"Petition Signature Goal"
"Enter the signature goal (in integer) which you want for this petition.";"Enter the signature goal (in integer) which you want for this Petition."
"Signature Goal";"Signature Goal"
"Duration";"Duration"
"Start Date";"Start Date"
"End Date";"End Date"
"Report Format";"Report Format"
"Download Report";"Download Report"
"SEO Details";"SEO Details"
"SEO Title";"SEO Title"
"Enter list of keywords seperated by a comma (,)";"Enter list of keywords seperated by a comma (,)"
"SEO Keywords";"SEO Keywords"
"SEO Description";"SEO Description"
"Petition Contact Information";"Petition Contact Information"
"Petition Styles";"Petition Styles"
"Custom Petition Styles";"Custom Petition Styles"
"Remove Photo";"Remove Photo"
"Do you want to remove petition profile photo? Doing so will set your photo back to the default photo.";"Do you want to remove Petition profile photo? Doing so will set your photo back to the default photo."
"Current Photo";"Current Photo"
"Choose New Photo";"Choose New Photo"
"Save Photo";"Save Photo"
"You can change the colors, fonts, and styles of your petition by adding CSS code below. The contents of the text area below will be output between <style> tags on your event.";"You can change the colors, fonts, and styles of your Petition by adding CSS code below. The contents of the text area below will be output between <style> tags on your event."
"Delete Petition Photo";"Delete Petition Photo"
"Are you sure you want to delete this photo? It will not be recoverable after being deleted.";"Are you sure you want to delete this photo? It will not be recoverable after being deleted."
"Start a Petition";"Start a Petition"
"Compose your new petition entry below, then click Post Entry"" to publish the entry to your petition""";"Compose your new Petition entry below, then click Post Entry"" to publish the entry to your Petition"""
"Enter Petition Title";"Enter Petition Title"
"Petition Title";"Petition Title"
"Enter a title for your petition.";"Enter a title for your Petition."
"Custom Url";"Custom Url"
"Choose 2nd Level Category";"Choose 2nd Level Category"
"Custom Url is not available. Please select another URL.";"Custom Url is not available. Please select another URL."
"Category";"Category"
"Create Petition";"Create Petition"
"2nd-level Category";"2nd-level Category"
"3rd-level Category";"3rd-level Category"
"Upload photos";"Upload photos"
"Main Photo";"Main Photo"
"Petition Description";"Petition Description"
"Provide a brief description about this petition";"Provide a brief description about this Petition"
"Petition Overview";"Petition Overview"
"Please explain what is the overview of this petition & why someone should support it";"Please explain what is the overview of this Petition & why someone should support it"
"Enter-Location";"Location"
"Enter Your Location";"Enter Your Location"
"Epetitions";"EPetitions"
"Petitions";"Petitions"
"Choose the location.";"Choose the location."
"Add Location";"Add Location"
"Dashboard";"Dashboard"
"Edit Location";"Edit Location"
"Choose Start Date";"Choose Start Date"
"Publish Now";"Publish Now"
"Petition Deadline";"Petition Deadline"
"Choose deadline for the petition on which you want this petition to get ended.";"Choose deadline for the Petition on which you want this Petition to get ended."
"No End Date";"No End Date"
"Sponsored By";"Sponsored By"
"Who is sponsoring your petition? e.g. Workforce Union.";"Who is sponsoring your Petition? e.g. Workforce Union."
"Member Levels";"Member Levels"
"Choose the Member Levels to which this Petition will be displayed. (Note: Hold down the CTRL key to select or de-select specific member levels.)";"Choose the Member Levels to which this Petition will be displayed. (Note: Hold down the CTRL key to select or de-select specific member levels.)"
"Networks";"Networks"
"Choose the Networks to which this Page will be displayed. (Note: Hold down the CTRL key to select or de-select specific networks.)";"Choose the Networks to which this Page will be displayed. (Note: Hold down the CTRL key to select or de-select specific networks.)"
"Enable Continue Reading Button";"Enable Continue Reading Button"
"Do you want to enable Continue Reading"" button for your Petition?""";"Do you want to enable Continue Reading"" button for your Petition?"""
"Yes";"Yes"
"No";"No"
"Enter Height";"Enter Height"
"Enter the height after you want to show continue reading button. 0 for unlimited.";"Enter the height after you want to show continue reading button. 0 for unlimited."
"Everyone";"Everyone"
"All Registered Members";"All Registered Members"
"Friends and Networks";"Friends and Networks"
"Friends of Friends";"Friends of Friends"
"Friends Only";"Friends Only"
"Just Me";"Just Me"
"Comment Privacy";"Comment Privacy"
"Privacy";"Privacy"
"Status";"Status"
"Post Entry";"Post Entry"
"Who may see this petition entry?";"Who may see this Petition entry?"
"Who may post comments on this petition entry?";"Who may post comments on this Petition entry?"
"If this entry is published, it cannot be switched back to draft mode.";"If this entry is published, it cannot be switched back to draft mode."
"Title";"Title"
"Tags (Keywords)";"Tags (Keywords)"
"Separate tags with commas.";"Separate tags with commas."
"Check Availability";"Check Availability"
"Enter Image URL to upload";"Enter Image URL to upload"
"Upload";"Upload"
"Show this petition entry in search results";"Show this Petition entry in search results"
"Published";"Published"
"Saved As Draft";"Saved As Draft"
"Please wait till all photos uploaded.";"Please wait till all photos uploaded"
"You can use letters, numbers and periods.";"You can use letters, numbers and periods."
"Your photo has been removed.";"Your photo has been removed."
"Petition entry doesn't exist or not authorized to delete";"Petition entry doesn't exist or not authorized to delete"
"Your petition entry has been deleted.";"Your Petition entry has been deleted."
"Your changes have been saved.";"Your changes have been saved."
"Show Advanced Settings";"Show Advanced Settings"
"Delete Entry";"Delete Entry"
"Are you sure you want to delete this petition entry?";"Are you sure you want to delete this Petition entry?"
"Enter your support Statement";"Enter your support Statement"
"Reason";"Reason"
"Why are you signing this petition?";"Why are you signing this Petition?"
"Custom Fields Entry";"Custom Fields Entry"
"Edit custom fields below, then click Post Form to publish the entry on your petition.";"Edit custom fields below, then click Post Form to publish the entry on your Petition."
"Zipcode";"Zipcode"
"State";"State"
"Country";"Country"
"Description";"Description"
"Announcement Title";"Announcement Title"
"Petition Announcement";"Petition Announcement"
"Letter";"Letter"
"Petition Letter";"Petition Letter"
"Send";"Send"
"Search Petitions";"Search Petitions"
"Browse By";"Browse By"
"Kilometer";"Kilometer"
"Miles";"Miles"
"Only Petitions With Photos";"Only Petitions With Photos"
"Search By From Date";"Search By From Date"
"Enter Date in (YYYY-mm-dd) formate";"Enter Date in (YYYY-mm-dd) formate"
"User Type";"User Type"
"Select User Type";"Select User Type"
"Logged-In User";"Logged-In User"
"Non-logged-In User";"Non-logged-In User"
"FEATURED";"FEATURED"
"SPONSORED";"SPONSORED"
"VERIFIED";"VERIFIED"
"Featured";"Featured"
"Verified";"Verified"
"Sponsored";"Sponsored"
"Please complete the red mark fields";"Please complete the red mark fields"
"Something went wrong,please try again later";"Something went wrong,please try again later"
"Add Announcement";"Add Announcement"
"Are you sure you want to delete the selected petition entries?";"Are you sure you want to delete the selected Petition entries?"
"There are no announcement entries for this petition.";"There are no announcement entries for this Petition."
"Are you sure to delete?";"Are you sure to delete?"
"This Petition is victory done";"This Petition is victory done"
"This Petition is already close.";"This Petition is already close."
"Are you sure to close this Petition? If yes, then click below";"Are you sure to close this Petition? If yes, then click below"
"Close Petition";"Close Petition"
"Add New Decision Maker";"Add New Decision Maker"
"Are you sure you want to delete the selected blog entries?";"Are you sure you want to delete the selected blog entries?"
"S.No.";"S.No."
"Date";"Date"
"Delete Selected";"Delete Selected"
"There are no signaturere entries for this petition.";"There are no signaturere entries for this Petition."
"Below, you can add admins to your petition who all will be able to do anything on your petition as you do including editing, creating sub petition, etc.";"Below, you can add admins to your Petition who all will be able to do anything on your Petition as you do including editing, creating sub Petition, etc."
"Type Member Name";"Type Member Name"
"Save Admin";"Add Admin"
"Admins";"Admins"
"And so when Rihanna, in the middle of soaking up the sun on her swan float — a required activity for all celebrities — realized that she was losing her balance, her priorities were clear. RiRi gloriously emerged like Aphrodite from the water, wine glass in hand.";"Here, you can see a list of admins added by you for this Petition."
"Support Statement";"Support Statement"
"Action";"Action"
"Please click the button for victory";"Please click the button for victory"
"Victory";"Victory"
"Total Signatures";"Total Signatures"
"Page Reports";"Page Reports"
"Petition Count";"Petition Count"
"Petition Left";"Petition Left"
"Rich Editor";"Rich Editor"
"Custom Fields";"Custom Fields"
"Modules";"Modules"
"Unlimited";"Unlimited"
"FREE";"FREE"
"Are you sure? Do you want to add this petition victory";"Are you sure? Do you want to add this Petition victory"
"Support Reason";"Support Reason"
"Created Date";"Created Date"
"You have already uploaded the maximum number of entries allowed.";"You have already uploaded the maximum number of entries allowed."
"If you would like to upload a new entry, please <a href=""%1$s"">delete</a> an old one first.";"If you would like to upload a new entry, please <a href=""%1$s"">delete</a> an old one first."
"Read More...";"Read More..."
"Edit Petition";"Edit Petition"
"Start Time";"Start Time"
"Deadline";"Deadline"
"Petition Category";"Petition Category"
"Deadline Time";"Deadline Time"
"Edit Thumbnail";"Edit Thumbnail"
"Loading...";"Loading..."
"Victory! This petition made change with %s supporters!";"Victory! This Petition made change with %s supporters!"
"This petition made change with %s supporters!.";"This Petition made change with %s supporters!."
"This petition is closed";"This Petition is closed"
"Share This Petition";"Share This Petition"
"signed of";"signed of"
"Submission Date";"Submission Date"
"Previous";"Previous"
"Next";"Next"
"Add Tag";"Add Tag"
"View More";"View More"
"%s view";"%s view";"%s views"
"%s comment";"%s comment";"%s comments"
"%s like";"%s like";"%s likes"
"%s petition";"%s Petition"
"%s favourite";"%s favourite";"%s favourites"
"%s photo";"%s photo";"%s photos"
"Read More";"Read More"
"petitions found.";"Petitions found."
"List View";"List View"
"Advanced List View";"Advanced List View"
"Grid View";"Grid View"
"Advanced Grid View";"Advanced Grid View"
" by ";" by "
"Signature";"Signature"
"Sign This Petition";"Sign This Petition"
"Nobody has posted a petition with that criteria.";"Nobody has posted a Petition with that criteria."
"Super Advanced Grid View";"Super Advanced Grid View"
"Pinboard View";"Pinboard View"
"Be the first to %1$spost%2$s one";"Be the first to %1$spost%2$s one"
"There are currently no %s";"There are currently no %s"
"%1$spost%2$s one!";"%1$spost%2$s one!"
"Map View";"Map View"
"by";"by"
"Add To List";"Add To List"
"Private Message";"Private Message"
"Share on Site";"Share on Site"
"Quick Share on Site";"Quick Share on Site"
"Upload Cover Photo";"Upload Cover Photo"
"Share";"Share"
"Share This %s";"Share This %s"
"Take Photo";"Take Photo"
"Add Cover Photo";"Add Cover Photo"
"Change Cover Photo";"Change Cover Photo"
"Remove Cover Photo";"Remove Cover Photo"
"Added %1$s";"Added %1$s"
"Album Info";"Album Info"
"Discussion";"Discussion"
"Photos";"Photos"
"Options";"Options"
"Write a Signature";"Write a Signature"
"Add More Photos";"Add More Photos"
"Edit Settings";"Edit Settings"
"By";"By"
"No signature have been posted in this petition yet.";"No signature have been posted in this Petition yet."
"Share it";"Share it"
"SHARE ON FACEBOOK";"SHARE ON FACEBOOK"
" SHARE ON TWITTER";" SHARE ON TWITTER"
" PIN THIS POST";" PIN THIS POST"
"For ";"For "
"Continue Reading »";"Continue Reading »"
"Petition Home";"Petition Home"
"Browse Petitions";"Browse Petitions"
"My Petitions";"My Petitions"
"Write New Petition";"Write New Petition"
"Untitled";"Untitled"
"More +";"More +"
"Nobody has created an petition yet.";"Nobody has created an Petition yet."
"Be the first to %1$screate%2$s one!";"Be the first to %1$screate%2$s one!"
"Categories";"Categories"
"No petition in this  category.";"No Petition in this  category."
"Be the first to %1$spost%2$s one in this category!";"Be the first to %1$spost%2$s one in this category!"
"about";"about"
"Pros: ";"Pros: "
"Cons: ";"Cons: "
"Petition Owner: <a href="""">admin</a>";"Petition Owner: <a href="""">admin</a>"
"Type a tag or select a name from the list.";"Type a tag or select a name from the list."
"Open image in image viewer";"Open image in image viewer"
"Photo %1$s of %2$s";"Photo %1$s of %2$s"
"in %1$s";"in %1$s"
"Tagged";"Tagged"
"Make Profile Photo";"Make Profile Photo"
"Posted";"Posted"
"Add New Album";"Add New Album"
"%s album found";"%s album found";"%s albums found"
"Manage Photos";"Manage Photos"
"%s <span>photo</span>";"%s <span>photo</span>";"%s <span>photos</span>"
"Unlike";"Unlike"
"Like";"Like"
"%s PETITION";"%s PETITION"
"Trending Topics";"Trending Topics"
"Delete";"Delete"
"Edit";"Edit"
"Let’s get to %s";"Let’s get to %s"
"have signed";"have signed"
"have signed.";"have signed."
"Write a Announcement";"Write a Announcement"
"No announcement have been posted in this petition yet.";"No announcement have been posted in this Petition yet."
"Delete Review?";"Delete Review?"
"You are already subscribed to this member\'s petition.";"You are already subscribed to this member\'s Petition."
"You are now subscribed to this member\'s petition.";"You are now subscribed to this member\'s Petition."
"You are no longer subscribed to this member\'s petition.";"You are no longer subscribed to this member\'s Petition."
"Favourite";"Favourite"
"Un-Favourite";"Un-Favourite"
"Petition shared successfully.";"Petition shared successfully."
"Petition Un-Favourited successfully";"Petition Un-Favourited successfully"
"Petition Liked successfully";"Petition Liked successfully"
"Petition Un-Liked successfully";"Petition Un-Liked successfully"
"Review Un-Liked successfully";"Review Un-Liked successfully"
"Review Liked successfully";"Review Liked successfully"
"Delete Album";"Delete Album"
"Are you sure you want to delete this album? It will not be recoverable after being deleted.";"Are you sure you want to delete this album? It will not be recoverable after being deleted."
"Edit Album Settings";"Edit Album Settings"
"Album Title";"Album Title"
"Please specify an album title";"Please specify an album title"
"Album Description";"Album Description"
"Save Album";"Save Album"
"Album Cover";"Album Cover"
"Recommended Reviews Only:";"Recommended Reviews Only:"
"Review";"Review"
"Review Title";"Review Title"
"Pros";"Pros"
"Cons";"Cons"
"Recommended Petition";"Recommend Petition"
"Do you recommend this petition to other users?";"Do you recommend this Petition to other users?"
"Add New Photos";"Add New Photos"
"Choose photos on your computer to add to this album.";"Choose photos on your computer to add to this album."
"Choose Album";"Choose Album"
"Drag & Drop";"Drag & Drop"
"From URL";"From URL"
"Multi Upload";"Multi Upload"
"Drag & Drop Photos Here";"Drag & Drop Photos Here"
"Claim For Petition";"Claim For Petition"
"Your Name";"Your Name"
"Your Email";"Your Email"
"Contact Number";"Contact Number"
"Reason For Claim";"Reason For Claim"
"Write New Entry";"Write New Entry"
"All Reviews";"All Reviews"
"Recommended Only";"Recommended Only"
"Compose your new petition entry below, then click ""Post Entry"" to publish the entry to your petition.";"Compose your new Petition entry below, then click ""Post Entry"" to publish the entry to your Petition."
"Petition Layout";"Petition Layout"
"Set Your Petition Template";"Set Your Petition Template"
"Video Uploads";"Video Uploads"
"Who may upload videos to this petition?";"Who may upload videos to this Petition?"
"Music Uploads";"Music Uploads"
"Who may upload musics to this petition?";"Who may upload musics to this Petition?"
"Edit Petition Entry";"Edit Petition Entry"
"Edit your entry below, then click ""Save Changes"" to publish the entry on your petition.";"Edit your entry below, then click ""Save Changes"" to publish the entry on your Petition."
"Subscribe";"Subscribe"
"Unsubscribe";"Unsubscribe"
"Edit Review";"Edit Review"
"Created By";"Created By"
"Goal Reach";"Goal Reach"
"Approve By";"Approve By"
"Delete Review";"Delete Review"
"Back To Petition";"Back To Petition"
"Cancel Uploading";"Cancel Uploading"
"Please fill the red mark fields";"Please fill the red mark fields"
"Submitting Form ...";"Submitting Form ..."
"Edit Photo";"Edit Photo"
"Image Description";"Image Description"
"Photo Albums";"Photo Albums"
"Albums";"Albums"
"Petition Roles";"Petition Roles"
"Contact Information";"Contact Information"
"Add Another Member";"Add Another Member"
"View Petition";"View Petition"
"Delete Petition";"Delete Petition"
"Pinterest";"Pinterest"
"Petition Schedule date is in the past. Please enter an petition scheduled date greater than or equal to today\'s date.'";"Petition Schedule date is in the past. Please enter an Petition scheduled date greater than or equal to today\'s date.'"
"Post New Video";"Post New Video"
"Nobody has created a petition yet.";"Nobody has created a Petition yet."
"Category:";"Category:"
"terrible";"terrible"
"poor";"poor"
"average";"average"
"very good";"very good"
"excellent";"excellent"
"Overall Rating";"Overall Rating"
"No description found.";"No description found."
"Click to Take Cover Photo";"Click to Take Cover Photo"
"Take Cover Photo""";"Take Cover Photo"""
"Select a cover photo";"Select a cover photo"
"No category found.";"No category found."
"Contact Email";"Contact Email"
"Contact Phone Number";"Contact Phone Number"
"Website URL";"Website URL"
"Facebook URL";"Facebook URL"
"Write a Review";"Write a Review"
"Continue Reading";"Continue Reading"
"Claim New Petition";"Claim New Petition"
"Your Claim Requests";"Your Claim Requests"
"Reviews";"Reviews"
"Summary";"Summary"
"For";"For"
"No Signature";"No Signature"
"Approve";"Approve"
"Total Signature Goal";"Total Signature Goal"
"No Decision Maker";"No Decision Maker"
"See All Tags";"See All Tags"
"Anything in here will be replaced on browsers that support the canvas element";"Anything in here will be replaced on browsers that support the canvas element"
"Total Petition:";"Total Petition:"
"<i>Posted by -</i>";"<i>Posted by -</i>"
"<i>on - </i>";"<i>on - </i>"
"<i>Filed in - </i>";"<i>Filed in - </i>"
"Create Sub Petition";"Create Sub Petition"
"Delete This Petition";"Delete This Petition"
"Post Comment";"Post Comment"
"ITEM_TYPE_EPETITION_ALBUM";"Petition Albums"
"ITEM_TYPE_EPETITION_PETITION";"Petitions"
"ITEM_TYPE_EPETITION_REVIEW";"Petition Reviews"

"ADMIN_ACTIVITY_TYPE_COMMENT_EPETITION";"When a user (subject) comments on another user's (object) Petition entries."
"_ACTIVITY_ACTIONTYPE_PETITION_NEW";"New Petition entries"
"_ACTIVITY_ACTIONTYPE_COMMENT_PETITION";"Comments on your Petition"
"ACTIVITY_TYPE_COMMENTED_PETITION";"When someone comments on a Petition I commented on."
"ACTIVITY_TYPE_COMMENT_EPETITION";"When someone comments on one of my Petition entries."
"ACTIVITY_TYPE_LIKED_PETITION";"When someone comments on a Petition entry I liked."
"ACTIVITY_TYPE_LIKE_PETITION";"When someone likes one of my Petition entries."

"ACTIVITY_TYPE_EPETITION_SIGNREACH";"When Signature Goal for the Petition has reached:"
"ACTIVITY_TYPE_PETITION_SUBSCRIBED_NEW";"When a new Petition entry is posted by a member you have subscribed to."
"{item:$subject} wrote a new petition entry:";"{item:$subject} wrote a new Petition entry:"
"{item:$subject} commented on {item:$owner}'s {item:$object:petition entry}: {body:$body}";"{item:$subject} commented on {item:$owner}'s {item:$object:Petition entry}: {body:$body}"
"ITEM_TYPE_PETITION";"Petition Entries"
"{item:$subject} has posted a new petition entry: {item:$object}.";"{item:$subject} has posted a new Petition entry: {item:$object}."
"Recent Entries";"Recent Entries"
"Tags";"Tags"
"_EMAIL_NOTIFY_EPETITION_SUBSCRIBED_NEW_TITLE";"Petition Subscription"
"_EMAIL_NOTIFY_EPETITION_SUBSCRIBED_NEW_DESCRIPTION";"This email is sent to someone when a Petition entry is posted by a member to whom they have subscribed."
"_EMAIL_NOTIFY_EPETITION_SUBSCRIBED_NEW_SUBJECT";"[sender_title] posted a new Petition entry: [object_title]"
"_EMAIL_NOTIFY_EPETITION_SUBSCRIBED_NEW_BODY";"[header]

[sender_title] has posted a new Petition entry: [object_title].
Please click the following link to view it:

http://[host][object_link]

[footer]"
"_EMAIL_EPETITION_PETITION_OWNER_CLAIM_TITLE";"SES - Petition - Claim Request to Petition Owner"
"_EMAIL_EPETITION_PETITION_OWNER_CLAIM_DESCRIPTION";"This email is sent to the Petition owner when a member claim their Petition."
"_EMAIL_EPETITION_PETITION_OWNER_CLAIM_SUBJECT";"A member has claimed your Petition."
"_EMAIL_EPETITION_PETITION_OWNER_CLAIM_BODY";"[header]

[sender_title] has sent you a message using the Claim For Petition page:"
"_EMAIL_EPETITION_SITE_OWNER_FOR_CLAIM_TITLE";"SES - Petition - Claim Request to Site Owner"
"_EMAIL_EPETITION_SITE_OWNER_FOR_CLAIM_DESCRIPTION";"This email is sent to site owners to take action on claim request for Petition."
"_EMAIL_EPETITION_SITE_OWNER_FOR_CLAIM_SUBJECT";"A member has claimed a Petition."
"_EMAIL_EPETITION_SITE_OWNER_FOR_CLAIM_BODY";"[header]

[sender_title] has sent you a message to take action on the claim request for Petition:

[message]

[footer]"
"_EMAIL_EPETITION_CLAIM_OWNER_APPROVE_TITLE";"SES - Petition - Claim Approval to Petition Owner"
"_EMAIL_EPETITION_CLAIM_OWNER_APPROVE_DESCRIPTION";"This email is sent to the Petition owner when site admin approve the claim request of Petition."
"_EMAIL_EPETITION_CLAIM_OWNER_APPROVE_SUBJECT";"Site owner has approved your claim request for the Petition."
"_EMAIL_EPETITION_CLAIM_OWNER_APPROVE_BODY";"[header]

[sender_title] has sent you a message for approval of the claim:

[message]

[footer]"
"_EMAIL_EPETITION_PETITION_OWNER_APPROVE_TITLE";"SES - Petition - Claim Approval to Petition Owner"
"_EMAIL_EPETITION_PETITION_OWNER_APPROVE_DESCRIPTION";"This email is sent to the Petition owner when site admin approve the claim request of Petition."
"_EMAIL_EPETITION_PETITION_OWNER_APPROVE_SUBJECT";"Site owner has approved your claim request for the Petition."
"_EMAIL_EPETITION_PETITION_OWNER_APPROVE_BODY";"[header]

[sender_title] has sent you a message for approval of the claim:

[message]

[footer]"
"_EMAIL_EPETITION_CLAIM_OWNER_REQUEST_CANCEL_TITLE";"SES - Petition - Claim Rejection to Claimer"
"_EMAIL_EPETITION_CLAIM_OWNER_REQUEST_CANCEL_DESCRIPTION";"This email is sent to the claimer when site admin rejects the claim request of Petition."
"_EMAIL_EPETITION_CLAIM_OWNER_REQUEST_CANCEL_SUBJECT";"Site owner has rejected your claim request for the Petition."
"_EMAIL_EPETITION_CLAIM_OWNER_REQUEST_CANCEL_BODY";"[header]

[sender_title] has sent you a message for rejection of the claim:

[message]

[footer]"
"Everyone's Petitions";"Everyone's Petitions"
"Only My Friend's Petitions";"Only My Friend's Petitions"
"Petition Reviews";"Petition Reviews"
"Petition Schedule date is in the past. Please enter an petition scheduled date greater than or equal to today's date.";"Petition Schedule date is in the past. Please enter an Petition scheduled date greater than or equal to today's date."
"Petitions Home";"Petitions Home"
"Recent Petitions";"Recent Petitions"
"Popular Petitions";"Popular Petitions"
"Recommend Petition";"Recommend Petition"
"Petitions Created";"Petitions Created"
"Explore Popular Petitions";"Explore Popular Petitions"
"Verified Petition";"Verified Petition"
"Most Commented Petitions";"Most Commented Petitions"
"Petition of the Day";"Petition of the Day"
"Most Favourite Petitions";"Most Favourite Petitions"
"Most Read Petitions";"Most Read Petitions"
"Sponsored Petition Posts";"Sponsored Petition Posts"
"_ACTIVITY_ACTIONTYPE_COMMENT_EPETITION";"Comments on your Petitions"
"_ACTIVITY_ACTIONTYPE_EPETITION_PETITION_FAVOURITE";"Marking Petitions as favorite"
"_ACTIVITY_ACTIONTYPE_EPETITION_PETITION_LIKE";"Liking Petition"
"_ACTIVITY_ACTIONTYPE_EPETITION_ALBUM_LIKE";"Liking Petition photo"
"_ACTIVITY_ACTIONTYPE_EPETITION_PHOTO_LIKE";"Liking Petition album photo"
"_ACTIVITY_ACTIONTYPE_EPETITION_NEW";"New Petition enteries"
"ACTIVITY_TYPE_EPETITION_CLAIM_APPROVE";"When your claim for a Petition is approved."
"ACTIVITY_TYPE_EPETITION_CLAIM_DECLINED";"When your claim for a Petition is declined."
"ACTIVITY_TYPE_EPETITION_OWNER_INFORMED";"When someone's claim on your Petition is approved."
"ACTIVITY_TYPE_EPETITION_SUBSCRIBED_NEW";"When a new Petition entry is posted by a member you have subscribed to."
"ACTIVITY_TYPE_SESUSER_CLAIM_PETITION";"When someone claims your Petition."
"ADMIN_ACTIVITY_TYPE_EPETITION_NEW";"When a user (subject) posts a new Petition entry (object)."
"ADMIN_ACTIVITY_TYPE_COMMENT_EPETITION";"When a user (subject) comments on another user's (object) Petition."
"ADMIN_ACTIVITY_TYPE_EPETITION_PETITION_FAVOURITE";"When a user (subject) mark another user's (object) Petition as favourite."
"ADMIN_ACTIVITY_TYPE_EPETITION_PETITION_LIKE";"When a user (subject) likes another user's (object) Petition."
"ADMIN_ACTIVITY_TYPE_EPETITION_ALBUM_LIKE";"When a user (subject) likes another user's (object) Petition's album."
"ADMIN_ACTIVITY_TYPE_EPETITION_PHOTO_LIKE";"When a user (subject) likes another user's (object) Petition album's photo."
"SES - Petition Plugin";"Petitions"


"ACTIVITY_TYPE_EPETITION_ADDDECISION";"When decision maker is added in the petition."
"ACTIVITY_TYPE_EPETITION_ADDDECISIONAC";"When decision is added in the petition."
"ACTIVITY_TYPE_EPETITION_ADMINPETCRE";"When admin has created a petition."
"ACTIVITY_TYPE_EPETITION_ADMINPETCREACT";"When admin has created a petition."
"ACTIVITY_TYPE_EPETITION_ALBUM_LIKE";"When album created in a petition is liked."
"ACTIVITY_TYPE_EPETITION_APPROVE";"When petition is approved by the admin."
"ACTIVITY_TYPE_EPETITION_AUPDATE";"When update is added in my petition."
"ACTIVITY_TYPE_EPETITION_CLOSE";"When petition get closed."
"ACTIVITY_TYPE_EPETITION_FAVOURITE";"My someone favorited my petition."
"ACTIVITY_TYPE_EPETITION_LETTER";"When Letter is added in the petition."
"ACTIVITY_TYPE_EPETITION_LETTERADD";"When I have added letter in the petition."
"ACTIVITY_TYPE_EPETITION_LETTERAPPROVE1";"When my letter is approved by the decision maker."
"ACTIVITY_TYPE_EPETITION_LETTERAPPROVE2";"When my letter is approved by the decision maker."
"ACTIVITY_TYPE_EPETITION_LIKE";"When someone liked my petition."
"ACTIVITY_TYPE_EPETITION_NEW";"When a new Petition entry is posted."
"ACTIVITY_TYPE_EPETITION_OWNERPETCRE";"When petition owner has created a petition"
"ACTIVITY_TYPE_EPETITION_PHOTO_LIKE";"When someone like photo in my petition."
"ACTIVITY_TYPE_EPETITION_UPDATE";"When any update is posted in the petition by Decision Maker."
"ACTIVITY_TYPE_EPETITION_VICTORY";"When victory is marked for the petition."


"_ACTIVITY_ACTIONTYPE_EPETITION_ADDDECISION";"When decision maker is added in the petition."
"_ACTIVITY_ACTIONTYPE_EPETITION_ADDDECISIONAC";"When I have added the decision maker."
"_ACTIVITY_ACTIONTYPE_EPETITION_ADMINPETCRE";"When admin has created a petition."
"_ACTIVITY_ACTIONTYPE_EPETITION_ADMINPETCREACT";"When petition was created by the site admin."
"_ACTIVITY_ACTIONTYPE_EPETITION_APPROVE";"hen petition is approved by the site admin."
"_ACTIVITY_ACTIONTYPE_EPETITION_AUPDATE";"When an update is added in the petition."
"_ACTIVITY_ACTIONTYPE_EPETITION_CLOSE";"When any petition has been closed."
"_ACTIVITY_ACTIONTYPE_EPETITION_FAVOURITE";"When someone has favorited my petition."
"_ACTIVITY_ACTIONTYPE_EPETITION_LETTER";"When letter is added in the petition."
"_ACTIVITY_ACTIONTYPE_EPETITION_LETTERADD";"When someone has added letter in the petition."
"_ACTIVITY_ACTIONTYPE_EPETITION_LETTERAPPROVE1";"When letter is approved by the decision maker."
"_ACTIVITY_ACTIONTYPE_EPETITION_LETTERAPPROVE2";"When decision maker have approved the petition letter."
"_ACTIVITY_ACTIONTYPE_EPETITION_LIKE";"When someone liked my petition."
"_ACTIVITY_ACTIONTYPE_EPETITION_OWNERPETCRE";"When petition owner have created a new petition."
"_ACTIVITY_ACTIONTYPE_EPETITION_SIGN";"When someone do signature on the petition I created."
"_ACTIVITY_ACTIONTYPE_EPETITION_SIGNREACH";"When signature limit for the petition get reached."
"_ACTIVITY_ACTIONTYPE_EPETITION_UPDATE";"When any update is added in the petition."
"_ACTIVITY_ACTIONTYPE_EPETITION_VICTORY";"When victory is marked for the petition."

"ADMIN_ACTIVITY_TYPE_EPETITION_ADDDECISION";"When petition owner (subject) added another user(object) as decision maker."
"ADMIN_ACTIVITY_TYPE_EPETITION_ADDDECISIONAC";"When decision maker is added in any petition."
"ADMIN_ACTIVITY_TYPE_EPETITION_ADMINPETCRE";"When admin has created a new petition."
"ADMIN_ACTIVITY_TYPE_EPETITION_ADMINPETCREACT";"When new petition was created by the site admin."
"ADMIN_ACTIVITY_TYPE_EPETITION_APPROVE";"When petition is approved by the admin."
"ADMIN_ACTIVITY_TYPE_EPETITION_AUPDATE";"When any update is added in the petition."
"ADMIN_ACTIVITY_TYPE_EPETITION_CLOSE";"When petition is closed by the site admin."
"ADMIN_ACTIVITY_TYPE_EPETITION_FAVOURITE";"When a user (subject) has favourited another user’s (object) petition."
"ADMIN_ACTIVITY_TYPE_EPETITION_LETTER";"When a letter is added in the petition."
"ADMIN_ACTIVITY_TYPE_EPETITION_LETTERADD";"When letter is  added in the petition by the petition owner."
"ADMIN_ACTIVITY_TYPE_EPETITION_LETTERAPPROVE1";"When letter is approved by the decision maker."
"ADMIN_ACTIVITY_TYPE_EPETITION_LETTERAPPROVE2";"When decision maker have approved the petition letter."
"ADMIN_ACTIVITY_TYPE_EPETITION_LIKE";"When a user(subject) liked another user’s  (object) petition."
"ADMIN_ACTIVITY_TYPE_EPETITION_OWNERPETCRE";"When petition owner have created new petition."
"ADMIN_ACTIVITY_TYPE_EPETITION_SIGN";"When someone(subject) has submitted the signature on another user's petition."
"ADMIN_ACTIVITY_TYPE_EPETITION_SIGNREACH";"When signature limit has reached for the petition."
"ADMIN_ACTIVITY_TYPE_EPETITION_UPDATE";"When petition owner has added an update in the petition."
"ADMIN_ACTIVITY_TYPE_EPETITION_VICTORY";"When victory is marked in the petition."