"SESERROR_PLUGIN";"Advanced Error Pages Plugin"

"Private Page";"Private Page"
"Don''t try to be over smart";"Don''t try to be over smart"
"This is a private page go to another page and search other thing";"This is a private page go to another page and search other thing"
"OOPS!";"OOPS!"
"Error 404 :Page Not Found";"Error 404 :Page Not Found"
"Rather search for something else?";"Rather search for something else?"
"Maintenance Mode";"Maintenance Mode"
"This site is under construction, may be you see it soon";"This site is under construction, may be you see it soon"
"We apologize for the inconvenience, we're doing our best to get things back to working order for you";"We apologize for the inconvenience, we're doing our best to get things back to working order for you"
"Coming Soon !";"Coming Soon !"
"This Page Going Overthrow Your Mind";"This Page Going Overthrow Your Mind"
"We Have Been Spending Long Hours In Order To Launch Our New Website. We Will Offer Freebies, A Brand New Blog And Featured Content Of Our Latest Work. Join Our Mailing List Or Follow Us On Facebook Or Twitter To Stay Up To Date.";"We Have Been Spending Long Hours In Order To Launch Our New Website. We Will Offer Freebies, A Brand New Blog And Featured Content Of Our Latest Work. Join Our Mailing List Or Follow Us On Facebook Or Twitter To Stay Up To Date."