"What all your Pet like to have from you?";"What all your Pet like to have from you?"
"Having a pet will bless you with many of the happiest days of your life, and one of the worst. They are of great soul!";"Having a pet will bless you with many of the happiest days of your life, and one of the worst. They are of great soul!"
"Love & Care";"Love & Care"
"A pet is the only thing on earth that loves you more than you love yourself.";"A pet is the only thing on earth that loves you more than you love yourself."
"Hugs";"Hugs"
"Just hug your pet and lets all the worries vanish away.";"Just hug your pet and lets all the worries vanish away."
"Friendship";"Friendship"
"A pet will be your best friend no matter what. Even if your human friends aren’t";"A pet will be your best friend no matter what. Even if your human friends aren’t"
"Positive Words";"Positive Words"
"Pets don’t know how to speak but they well understand your way of talking and they love to have positive words from you.";"Pets don’t know how to speak but they well understand your way of talking and they love to have positive words from you."
"Tasty Food";"Tasty Food"
"Pets don’t know how to speak but they well understand your way of talking and they love to have positive words from you.";"Pets don’t know how to speak but they well understand your way of talking and they love to have positive words from you."
"Pets know how to obtain food without labor, shelter, without confinement & love without penalties.";"Pets know how to obtain food without labor, shelter, without confinement & love without penalties."
"Your Company";"Your Company"
"Pets don’t need anyone in their life except the one who loves them unconditionally.";"Pets don’t need anyone in their life except the one who loves them unconditionally."
"Lovable Pets";"Lovable Pets"
"Share your experience of raising lovely pets with the world and get to know what they like.";"Share your experience of raising lovely pets with the world and get to know what they like."
"Pets Showreel";"Pets Showreel"
"Watch your favourite pets videos and see how cute & bubbly they are!";"Watch your favourite pets videos and see how cute & bubbly they are!"
"Read about Pets";"Read about Pets"
"Read & write about Pets to know what they love, hate, how they felt when they are happy or sad.";"Read & write about Pets to know what they love, hate, how they felt when they are happy or sad."
"Pet Brunch";"Pet Brunch"
"Make yummy recipes & treats for your pets which they love the most to eat.";"Make yummy recipes & treats for your pets which they love the most to eat."
"Don’t Limit your love for Pets to Web only! Now flourish it with Paws ‘n Claws in Apps also.";"Don’t Limit your love for Pets to Web only! Now flourish it with Paws ‘n Claws in Apps also."
"With Paws ‘n Claws, get access to petworking community on your smart mobile phones and know about Pet lovers, Pets, Blogs, Videos, Events, Photos and easily access them on your Palm.";"With Paws ‘n Claws, get access to petworking community on your smart mobile phones and know about Pet lovers, Pets, Blogs, Videos, Events, Photos and easily access them on your Palm."
